book_id_csv,book_id
0,000647022X
1,000649045X
2,000649689X
3,000649692X
4,000664600X
5,000711933X
6,000715805X
7,006000942X
8,006001234X
9,006052510X
10,006054094X
11,006056668X
12,006057058X
13,006057786X
14,006058033X
15,006062213X
16,006064589X
17,006074748X
18,006085409X
19,006091307X
20,006091646X
21,006092960X
22,006093266X
23,006097611X
24,006105366X
25,006109398X
26,006113127X
27,006251279X
28,006251637X
29,006440336X
30,006440630X
31,006440692X
32,006441034X
33,006443494X
34,006446234X
35,006757520X
36,007141858X
37,007222696X
38,009917331X
39,009928264X
40,009928555X
41,009930791X
42,009943752X
43,009947137X
44,009992840X
45,013187165X
46,013237045X
47,014017897X
48,014018533X
49,014018922X
50,014019553X
51,014023828X
52,014025157X
53,014027782X
54,014044257X
55,014044307X
56,014044789X
57,014062063X
58,014100018X
59,014101508X
60,014118258X
61,014118549X
62,014118616X
63,014144116X
64,014243776X
65,014303460X
66,014303748X
67,014310490X
68,015602778X
69,015603297X
70,015670160X
71,019280197X
72,019280264X
73,019280409X
74,019283360X
75,019283780X
76,019513592X
77,019514581X
78,019516895X
79,019517447X
80,019875275X
81,019929609X
82,022407265X
83,023112189X
84,025320318X
85,026257103X
86,026261135X
87,028564811X
88,030680882X
89,030680932X
90,030723827X
91,031024756X
92,031026345X
93,031213214X
94,031215125X
95,031227999X
96,031228621X
97,031229543X
98,031232118X
99,031233379X
100,031235326X
101,031235407X
102,031235777X
103,031236086X
104,031236296X
105,031242468X
106,031287751X
107,031294098X
108,031298166X
109,032127623X
110,033036734X
111,033037124X
112,033041173X
113,033043313X
114,033048477X
115,034069291X
116,034082977X
117,034542204X
118,034542462X
119,034543191X
120,034543577X
121,034543708X
122,034543871X
123,034543949X
124,034545894X
125,034546401X
126,034547760X
127,034547824X
128,034548133X
129,034548410X
130,034911188X
131,034911630X
132,037312600X
133,037328523X
134,037376779X
135,037377172X
136,037380248X
137,037570180X
138,037570387X
139,037570633X
140,037571393X
141,037572463X
142,037572530X
143,037572706X
144,037575931X
145,037576013X
146,037581468X
147,037582748X
148,038071082X
149,038073186X
150,038077108X
151,038079487X
152,038548951X
153,038549081X
154,038549517X
155,038560310X
156,038572179X
157,039330700X
158,039332107X
159,039332446X
160,039332706X
161,039457107X
162,039574010X
163,039915373X
164,041377242X
165,042518160X
166,042518238X
167,042518448X
168,042519499X
169,042519745X
170,042520961X
171,043932162X
172,043962939X
173,043965548X
174,043974685X
175,043981071X
176,043984777X
177,043999926X
178,044021680X
179,044022912X
180,044101237X
181,044173118X
182,044651862X
183,044653109X
184,044669567X
185,044669651X
186,044900113X
187,045052468X
188,045121157X
189,045121577X
190,047004604X
191,048641423X
192,048642992X
193,051509465X
194,052138673X
195,055215315X
196,055299801X
197,055299877X
198,055327578X
199,055329783X
200,055337933X
201,055338368X
202,055356997X
203,055357812X
204,055358135X
205,055358202X
206,055358295X
207,055380202X
208,055381706X
209,056348649X
210,057120175X
211,057120211X
212,057120905X
213,057506689X
214,057506885X
215,057507681X
216,061808357X
217,061812733X
218,061839110X
219,061847790X
220,061861169X
221,061861916X
222,061870986X
223,061871166X
224,061877355X
225,067003777X
226,067100347X
227,067102082X
228,067102423X
229,067104155X
230,067155302X
231,067173248X
232,067176991X
233,067179566X
234,067187778X
235,067401829X
236,067426858X
237,067429503X
238,067942895X
239,067972477X
240,067973449X
241,067973547X
242,067975377X
243,067978117X
244,067978148X
245,067989070X
246,068483183X
247,068809368X
248,068814392X
249,068980217X
250,068984882X
251,068986311X
252,068987040X
253,068987409X
254,068987670X
255,069102068X
256,072254040X
257,072324779X
258,073854678X
259,074324382X
260,074324592X
261,074324754X
262,074325578X
263,074325807X
264,074329730X
265,074346754X
266,074347788X
267,074348844X
268,074531788X
269,074563379X
270,074595054X
271,074726743X
272,074754624X
273,074757362X
274,075150503X
275,075640181X
276,075660592X
277,075821037X
278,075821409X
279,076032963X
280,076155548X
281,076241393X
282,076362800X
283,076362828X
284,076455302X
285,076530953X
286,076530998X
287,076531293X
288,076534551X
289,076535098X
290,076790382X
291,076790818X
292,077832284X
293,078601606X
294,078671767X
295,078680839X
296,078685538X
297,078693137X
298,078693770X
299,078798129X
300,079227363X
301,080215154X
302,080282966X
303,080283972X
304,080508052X
305,081095480X
306,081120135X
307,081121365X
308,081221627X
309,081257558X
310,081292763X
311,081296618X
312,081297106X
313,081297655X
314,081673691X
315,082176053X
316,082221718X
317,082221900X
318,082542982X
319,082632357X
320,082641477X
321,082641897X
322,082942122X
323,083082605X
324,083082619X
325,084394580X
326,084395177X
327,087113960X
328,087893720X
329,088001508X
330,089281800X
331,089658321X
332,089689293X
333,091827382X
334,092291561X
335,094180755X
336,097212179X
337,097216748X
338,097669400X
339,130887013
340,131492020
341,131494848
342,131730363
343,131922165
344,131935070
345,132197383
346,1400016088
347,1400030064
348,1400030080
349,1400030129
350,140003065X
351,1400031362
352,1400031656
353,140003177X
354,1400032059
355,1400032385
356,1400032466
357,1400032539
358,1400032806
359,1400032814
360,1400032822
361,140003292X
362,1400032954
363,1400033179
364,1400033411
365,140003342X
366,1400033543
367,1400033721
368,1400033829
369,1400033837
370,1400033853
371,1400033888
372,1400034205
373,1400034299
374,140003471X
375,1400034779
376,1400040302
377,1400040353
378,1400040361
379,1400040612
380,1400041279
381,1400041988
382,1400042550
383,1400043468
384,1400044162
385,1400044731
386,140004474X
387,1400044871
388,1400047331
389,1400047838
390,1400047862
391,1400049474
392,1400051533
393,1400051576
394,1400051738
395,1400052378
396,1400052386
397,1400052939
398,1400054206
399,1400054877
400,1400062454
401,1400062640
402,140006466X
403,1400064899
404,1400065011
405,1400065550
406,1400071577
407,1400075483
408,140007570X
409,1400075718
410,1400076196
411,1400076587
412,1400076811
413,1400076854
414,1400077095
415,1400077273
416,140007780X
417,1400078008
418,1400078393
419,1400078679
420,1400078741
421,1400079098
422,1400079179
423,1400079276
424,1400079373
425,1400079497
426,1400079616
427,1400083117
428,1400095085
429,140009528X
430,1400095468
431,1400095816
432,1400095956
433,1400096081
434,1400096227
435,140009691X
436,1400097029
437,1400097037
438,1400098025
439,1400098033
440,140018328
441,1400307848
442,140055770
443,140065504
444,140071784
445,140110879
446,1401200192
447,1401200680
448,1401202454
449,1401202527
450,1401204104
451,1401204252
452,1401209416
453,1401210015
454,1401210074
455,1401210619
456,1401210821
457,1401212220
458,1401212484
459,140125051
460,140128468
461,1401300464
462,1401301886
463,1401301940
464,1401301959
465,140131671
466,1401359345
467,140137009
468,140137343
469,140139397
470,140139400
471,140139974
472,140140824
473,140143459
474,140144188
475,140150749
476,140152741
477,140153195
478,140154078
479,140156046
480,140157182
481,140158766
482,140159959
483,140178139
484,1401850685
485,140186123
486,140187073
487,140188266
488,140189440
489,1401903096
490,1401917178
491,140192077
492,140193707
493,140196099
494,140230270
495,140231579
496,140234446
497,140236236
498,140244913
499,140247742
500,140250913
501,140252622
502,1402580355
503,140259104
504,140260021
505,140260897
506,140264922
507,1402713185
508,1402713193
509,1402714548
510,1402714572
511,1402714599
512,140271570
513,140271791
514,1402718616
515,140272022X
516,1402726007
517,1402726627
518,1402732988
519,140274219
520,140275010
521,140275657
522,140276335
523,140276343
524,140276904
525,140280464
526,140280499
527,140281703
528,140283358
529,140283366
530,140284125
531,140285970
532,140286012
533,140286276
534,140286373
535,140286802
536,140288481
537,140295941
538,140296034
539,140296158
540,140296611
541,140297979
542,140298517
543,140299149
544,140299939
545,140299963
546,140307370
547,140320431
548,1403356203
549,140345825
550,140363335
551,140364757
552,140367438
553,1403904561
554,1403967210
555,140396792X
556,1403969736
557,140424385
558,140430369
559,140433392
560,140435190
561,140436073
562,140436146
563,140436588
564,140437509
565,140437851
566,140437916
567,140439056
568,140440461
569,140440933
570,140441123
571,140441220
572,140441379
573,140441522
574,140441735
575,140442057
576,140442243
577,140442324
578,140442413
579,140442758
580,140443339
581,140443940
582,140444424
583,140444432
584,140445145
585,140445226
586,140445501
587,140445773
588,140446044
589,140446168
590,140447202
591,140447261
592,140447601
593,140447806
594,140447970
595,140448004
596,140448071
597,140448144
598,140448152
599,140448926
600,140448942
601,140449086
602,140449094
603,140449124
604,140449140
605,140449280
606,140449329
607,140449493
608,140449779
609,140503447
610,1405151412
611,1405153601
612,1405161604
613,1405201711
614,1405203943
615,1405203951
616,1405228180
617,140568190
618,1405823518
619,140620478
620,140621628
621,1406917893
622,1406922900
623,1406934852
624,1406942359
625,1406957240
626,140714545
627,140714553
628,140771972
629,140817786
630,141000198
631,141000589
632,141001828
633,141001879
634,141002980
635,141005343
636,141007451
637,141007478
638,141010312
639,1410103277
640,141010371
641,141011114
642,141013451
643,141013958
644,141014083
645,141016701
646,141019999
647,1411665309
648,1411677315
649,1411683056
650,141180366
651,141180943
652,141181281
653,141182490
654,141182806
655,141182865
656,141183020
657,141183225
658,141183357
659,141183535
660,141183713
661,141183721
662,141184272
663,141184841
664,141184884
665,141185112
666,141185139
667,141185163
668,141185325
669,141185368
670,141185910
671,141185937
672,141186070
673,141186356
674,141186690
675,141187069
676,141187190
677,141187425
678,141187883
679,1412040558
680,141303352
681,141304316
682,141307412
683,141309407
684,141310685
685,141310693
686,141311355
687,141311401
688,141314575
689,1413480942
690,1413900208
691,1413901476
692,141430577X
693,1414305818
694,1414306342
695,141439335
696,141439513
697,141439637
698,141439904
699,141439963
700,141441119
701,1416500332
702,1416500391
703,1416501622
704,1416502041
705,1416503595
706,1416505490
707,1416505512
708,1416505520
709,1416507779
710,1416507817
711,1416508953
712,1416509372
713,1416509380
714,1416509879
715,1416509887
716,1416510877
717,1416513418
718,1416520392
719,1416520864
720,1416521070
721,1416521100
722,1416524517
723,1416524800
724,141652729X
725,1416532358
726,1416532811
727,1416535527
728,1416537805
729,1416903437
730,1416908161
731,141690817X
732,1416909052
733,1416914633
734,1416916326
735,1416939210
736,141693961X
737,141694740X
738,1419154079
739,1419542206
740,1419950584
741,1419953966
742,1419954482
743,142000205
744,142000213
745,142001619
746,142001805
747,142002003
748,142002267
749,142002801
750,142002887
751,142003298
752,142003344
753,142003441
754,142003565
755,142003719
756,142003808
757,142004103
758,142004200
759,142004456
760,1420927329
761,1421500493
762,1421500906
763,1421500914
764,1421501759
765,1421502798
766,1421503549
767,1421504030
768,142150460X
769,1421505053
770,142150541X
771,1421506297
772,1421506424
773,1421506548
774,1421507218
775,1421508389
776,1421509598
777,142151043X
778,142151379X
779,1421513943
780,142180041
781,142180092
782,142300845
783,142301442
784,142302333
785,1423100182
786,1423100190
787,1423100204
788,1423100611
789,1423101685
790,1423103343
791,1423600762
792,142402486
793,142402494
794,142402931
795,142403016
796,142403202
797,142404209
798,142405744
799,142407224
800,142407577
801,142407925
802,142437018
803,142437115
804,142437557
805,142437786
806,142437883
807,142437891
808,142500372
809,142501182
810,142501522
811,1425910394
812,1426423705
813,143030906
814,143034367
815,143034758
816,143035169
817,143035835
818,143036068
819,143036084
820,143036246
821,143036351
822,143036394
823,143036661
824,143036696
825,143036831
826,143036939
827,143036971
828,143037145
829,143037234
830,143037390
831,143037439
832,143037498
833,143037684
834,143037838
835,143038095
836,143038109
837,143038311
838,143038826
839,143039105
840,143039148
841,143039318
842,143039490
843,143039504
844,143039652
845,143039857
846,143039865
847,151010269
848,151461546
849,152045732
850,152049673
851,152050868
852,152051244
853,152052607
854,152054472
855,152057641
856,1550023926
857,1550225405
858,1551052709
859,1551111721
860,155111223X
861,1551114127
862,1551116448
863,1551117223
864,1551665719
865,1551666723
866,1551667436
867,1551668513
868,1551669048
869,155166951X
870,1553377524
871,1553651529
872,1555533078
873,1555837239
874,1555916228
875,1555973035
876,1556432461
877,1556434243
878,1556434308
879,155652398X
880,1556525133
881,1556615426
882,155704676X
883,1557046867
884,1557047413
885,155709103X
886,155728024X
887,1557283303
888,1557424292
889,155783041X
890,1557831572
891,1557832455
892,1558492763
893,1559210400
894,1559210869
895,156001268
896,156001454
897,156002086
898,1560067845
899,156007479
900,156011654
901,156025114X
902,1560252480
903,1560254416
904,1560257016
905,1560258241
906,1560258500
907,156027593
908,156027658
909,156027917
910,156028069
911,156028972
912,156029022
913,156029065
914,156030160
915,156030276
916,156030306
917,156030411
918,156030934
919,156031639
920,156032112
921,156032295
922,156032392
923,156032597
924,1561381489
925,1561706604
926,1561709336
927,1561796778
928,156189216
929,156212501
930,1562549421
931,156260360
932,156260379
933,156260387
934,156260395
935,156260409
936,156260557
937,1562802348
938,156286513
939,1562920588
940,1562926160
941,1563050757
942,156306301
943,1563410907
944,1563890356
945,1563891891
946,1563892022
947,1563892464
948,1563893304
949,1563893339
950,156389369X
951,1563895161
952,1563895951
953,1563896001
954,1563897563
955,156453800
956,1564775003
957,1564780619
958,1564781313
959,1564781402
960,1564782999
961,1564783952
962,1565041917
963,1565044045
964,1565047087
965,1565078322
966,156508877
967,1565121821
968,1565124502
969,1565124820
970,1565125606
971,1565482018
972,1565840089
973,1565840399
974,1565842219
975,1565844750
976,1565846710
977,1565847040
978,1565849426
979,1565849655
980,156619180
981,156631407
982,156659751
983,1566631327
984,156663394X
985,1566915902
986,1566993237
987,1567430287
988,1567921574
989,1567921582
990,1567921892
991,1567922694
992,1567923224
993,1568363567
994,1568821174
995,1568821409
996,1568821441
997,1568821484
998,1568821743
999,1568821808
1000,1568821875
1001,1568984952
1002,1569246815
1003,1569319499
1004,156932504
1005,1569471037
1006,156947124X
1007,1569473331
1008,1569473641
1009,156949601
1010,1569550344
1011,1569709076
1012,1569709084
1013,1569709807
1014,1569715149
1015,1569719365
1016,1569719608
1017,1569719624
1018,1569755663
1019,1570614598
1020,1570625190
1021,1570671044
1022,1570671818
1023,1570715831
1024,1570754365
1025,157174102X
1026,1572244259
1027,1572307021
1028,1572308680
1029,1573223565
1030,1573225053
1031,1573225789
1032,1573226882
1033,1573227161
1034,1573229628
1035,1573229865
1036,1573442216
1037,1573456632
1038,1574231006
1039,1574671324
1040,1574889230
1041,1575667215
1042,1575667649
1043,1576753514
1044,1576839508
1045,1576839540
1046,1577310764
1047,1577312058
1048,1577312090
1049,1577314034
1050,1577660099
1051,1577780728
1052,1577782089
1053,1578067049
1054,1578067596
1055,1578068010
1056,1578562589
1057,1578569052
1058,1578569540
1059,1579126235
1060,1579126243
1061,1579126251
1062,1579126278
1063,1579126898
1064,1579126952
1065,1579510027
1066,1579546463
1067,1579905080
1068,1580012590
1069,158005188X
1070,1580070914
1071,1580086810
1072,1580175201
1073,1580420818
1074,1580495796
1075,1580495869
1076,1580624596
1077,1580628362
1078,1580631606
1079,1580931774
1080,1580931863
1081,1581342470
1082,158134449X
1083,1581345267
1084,1581345275
1085,1581345283
1086,1581346085
1087,1581346522
1088,1581348096
1089,1581807597
1090,1581807740
1091,1581821360
1092,1582293082
1093,1582294011
1094,1582343497
1095,1582344728
1096,1582346100
1097,1582346178
1098,1582404879
1099,158240612X
1100,1582406936
1101,1582433224
1102,1582433410
1103,1582433453
1104,158297294X
1105,1583224718
1106,1583224890
1107,1583332057
1108,1584281340
1109,1584794941
1110,1584850450
1111,1584850558
1112,1585004847
1113,1585100374
1114,1585100870
1115,1585421774
1116,1585424331
1117,1585424994
1118,1585425001
1119,1585425249
1120,1585672173
1121,1585672327
1122,1585672793
1123,1585675172
1124,158567575X
1125,1585676578
1126,1585677108
1127,1585677280
1128,1585678767
1129,1586170260
1130,1586631985
1131,1586633570
1132,1586633791
1133,158663822X
1134,1586638491
1135,158663853X
1136,1586853333
1137,158685772X
1138,1587150794
1139,1587150883
1140,1587155877
1141,1587172488
1142,1587420244
1143,1587610914
1144,1587612216
1145,1587670895
1146,1587680262
1147,1588990842
1148,1588993000
1149,1589802438
1150,1589802543
1151,1589880021
1152,1589943074
1153,1589971280
1154,1590170164
1155,1590170318
1156,1590170709
1157,1590170784
1158,1590171039
1159,1590171241
1160,1590171497
1161,1590171705
1162,1590171942
1163,1590172183
1164,1590300068
1165,1590300106
1166,1590301870
1167,1590302087
1168,1590302257
1169,1590303164
1170,1590385810
1171,1590525086
1172,1590525930
1173,1590526856
1174,1590526864
1175,1590526872
1176,1590528603
1177,1590583426
1178,1590592166
1179,1590593898
1180,1590596242
1181,1591146917
1182,1591162025
1183,1591391679
1184,1591583667
1185,1591821576
1186,1592000673
1187,1592241875
1188,1592289800
1189,1592402690
1190,1592441122
1191,1592572227
1192,1592851614
1193,1593070691
1194,1593072597
1195,1593074662
1196,1593075294
1197,159307543X
1198,1593075537
1199,1593076193
1200,1593076274
1201,1593076401
1202,1593076673
1203,1593077092
1204,1593080034
1205,1593080239
1206,1593080360
1207,1593080387
1208,1593080492
1209,1593080549
1210,1593080646
1211,1593081251
1212,1593081537
1213,159308269X
1214,1593082908
1215,1593083777
1216,1593600259
1217,1593761228
1218,1593851170
1219,1593854463
1220,1594130078
1221,1594160007
1222,1594201005
1223,1594481520
1224,1594481571
1225,159448175X
1226,1594481776
1227,1594481938
1228,1594489254
1229,1594489424
1230,1594731403
1231,1594862958
1232,1594865671
1233,1595324844
1234,1595329145
1235,1595540458
1236,1595542329
1237,1595690360
1238,1595820124
1239,1595820310
1240,1595820612
1241,1595820639
1242,1595820930
1243,1595820949
1244,1595821066
1245,1595821074
1246,1596321288
1247,1596792507
1248,1596871326
1249,1597221104
1250,1597221287
1251,1597800449
1252,1597818704
1253,1598161997
1254,1598163329
1255,1598165763
1256,1598165771
1257,1598169467
1258,159990005X
1259,1599982935
1260,1600100295
1261,1600430015
1262,1600961509
1263,1740596463
1264,1740597400
1265,174059746X
1266,1740597621
1267,1740597710
1268,174059908X
1269,1740599241
1270,1741040914
1271,1741044766
1272,1741045916
1273,1741140374
1274,1741142393
1275,1840220554
1276,1840224533
1277,184023380X
1278,1840237872
1279,1840239247
1280,184046027X
1281,184046268X
1282,1840681128
1283,1841150355
1284,1841156736
1285,1841157481
1286,184115749X
1287,1841491837
1288,1841492051
1289,1841492663
1290,1841492701
1291,1841492876
1292,1841493554
1293,1841494089
1294,1841581224
1295,184159105X
1296,1841591165
1297,1841591386
1298,1841811106
1299,1841953679
1300,1841954314
1301,1841954748
1302,1841957186
1303,1842122924
1304,1842122932
1305,1842124021
1306,1842163868
1307,184243022X
1308,1842552473
1309,1842931539
1310,1842931857
1311,1843103311
1312,1843534096
1313,1843537206
1314,184354167X
1315,1843607409
1316,1843914115
1317,1844130800
1318,184415145X
1319,1844164039
1320,184416411X
1321,1844350487
1322,1844494241
1323,1844580512
1324,1844670228
1325,1844670554
1326,1845203348
1327,1845390105
1328,1852402873
1329,1852421177
1330,1852426748
1331,1852428082
1332,1852864982
1333,1853260215
1334,1853260401
1335,1853260738
1336,1854596012
1337,1854790471
1338,1855384272
1339,1857024079
1340,1857024699
1341,1857027124
1342,1857028155
1343,1857093313
1344,1857150945
1345,185715133X
1346,1857152743
1347,1857231104
1348,1857232097
1349,1857232569
1350,1857233948
1351,1857234022
1352,1857237501
1353,1857237641
1354,1857239709
1355,1857880781
1356,1857983416
1357,1857988094
1358,1857988191
1359,1857988361
1360,185798837X
1361,1857989120
1362,1857989341
1363,185960515X
1364,185984054X
1365,1859843409
1366,1859843824
1367,1859843832
1368,1859843980
1369,1859848982
1370,1860467229
1371,1860492916
1372,1860499295
1373,1860645887
1374,1861891849
1375,1861974426
1376,1861977697
1377,1861979339
1378,1862073295
1379,1862073708
1380,1862074054
1381,1862301387
1382,1864503823
1383,1879794063
1384,1880393336
1385,1880656418
1386,1880685353
1387,1884365302
1388,1885586426
1389,1885865244
1390,1885972105
1391,1886363064
1392,1887178945
1393,1888690089
1394,1888996285
1395,1889032204
1396,1889963852
1397,1890159190
1398,1890208280
1399,1890447161
1400,189044717X
1401,1890447420
1402,1890771481
1403,1890995525
1404,1891190237
1405,189162041X
1406,1892062437
1407,1892284731
1408,189238938X
1409,1892391201
1410,1892395568
1411,189491712X
1412,1894925025
1413,1895176409
1414,1896597661
1415,189857345X
1416,1903015073
1417,1903252040
1418,1903809509
1419,1904233198
1420,1904271065
1421,1904271553
1422,1904316344
1423,1904633277
1424,1904633382
1425,1904919529
1426,1904920357
1427,1905177046
1428,192752537
1429,192752790
1430,192781537
1431,192801732
1432,192802380
1433,192802631
1434,192802771
1435,192803468
1436,192805347
1437,192806947
1438,192807269
1439,192807293
1440,192822756
1441,192824252
1442,192824546
1443,192831879
1444,192832433
1445,192832603
1446,192832972
1447,192833006
1448,192833073
1449,192833766
1450,192834401
1451,192834428
1452,192835092
1453,192835432
1454,192835858
1455,192836226
1456,192836366
1457,192836897
1458,192837621
1459,192837680
1460,192838741
1461,192838970
1462,192838997
1463,192839195
1464,192839578
1465,192839705
1466,192839993
1467,192840312
1468,192840746
1469,192840940
1470,192854526
1471,1928832431
1472,1929229488
1473,1929241631
1474,1930846452
1475,1930901356
1476,1931082545
1477,1931082731
1478,1931414165
1479,1931615039
1480,1931882207
1481,1932073205
1482,1932100563
1483,1932206086
1484,1932206108
1485,1932361278
1486,1932382607
1487,1932382720
1488,193238622X
1489,1932416129
1490,1932416137
1491,1932416374
1492,1932416382
1493,193241648X
1494,1932416641
1495,1932416773
1496,1932420304
1497,1932420347
1498,1932664394
1499,1932664599
1500,1932796789
1501,1932855416
1502,1932857087
1503,1933045256
1504,1933110333
1505,1933110457
1506,1933368365
1507,1933372192
1508,1933615095
1509,1933633107
1510,1933648279
1511,1933771135
1512,1933771178
1513,1934169072
1514,195023668
1515,195061667
1516,195069056
1517,195101286
1518,195108965
1519,195117956
1520,195119207
1521,195125983
1522,195135792
1523,195169247
1524,195300920
1525,195309685
1526,195325923
1527,198140819
1528,198144962
1529,198320272
1530,198601735
1531,198711557
1532,198782748
1533,199120099
1534,199205647
1535,199264791
1536,199265771
1537,199267170
1538,199280169
1539,2005883
1540,201408252
1541,201748673
1542,20360754
1543,20442602
1544,205479804
1545,224060872
1546,224063022
1547,224064738
1548,226014908
1549,226025977
1550,226042758
1551,226134342
1552,226142698
1553,226142817
1554,2261987
1555,226204057
1556,226204197
1557,226301192
1558,226307654
1559,226307662
1560,226307786
1561,226307808
1562,226307948
1563,226321320
1564,226323986
1565,226329658
1566,226424154
1567,226443221
1568,226500624
1569,226675769
1570,226677141
1571,226735192
1572,226777103
1573,226817415
1574,231054750
1575,231104472
1576,231109253
1577,231118953
1578,231121008
1579,231121911
1580,231124279
1581,231124929
1582,231138709
1583,231138768
1584,237525372
1585,237526883
1586,240805410
1587,240806085
1588,241003008
1589,241142466
1590,24181900
1591,252008073
1592,253201624
1593,253202175
1594,253209102
1595,253214696
1596,261102265
1597,261102303
1598,261102427
1599,261103660
1600,262510871
1601,262532557
1602,262570211
1603,262611333
1604,262632551
1605,268018499
1606,273661949
1607,273704745
1608,275942694
1609,285633147
1610,285635948
1611,285647474
1612,285647873
1613,29131693
1614,29221307
1615,292701322
1616,295976918
1617,295979844
1618,299125408
1619,299178005
1620,300000308
1621,300000898
1622,300044887
1623,300090951
1624,300091699
1625,300093047
1626,300094000
1627,300095244
1628,300101058
1629,300111142
1630,30547741
1631,306804980
1632,306805626
1633,306808900
1634,306808919
1635,306813688
1636,306814552
1637,307236013
1638,307237907
1639,307264122
1640,307264653
1641,307264882
1642,307264890
1643,307265439
1644,307266613
1645,307274977
1646,307275558
1647,307275566
1648,307275736
1649,307275930
1650,307276902
1651,307277674
1652,307278360
1653,307335852
1654,307337332
1655,307337936
1656,307345971
1657,307346587
1658,307383415
1659,310217601
1660,310243564
1661,310243874
1662,310243882
1663,310252199
1664,310257867
1665,310259665
1666,310264138
1667,310272661
1668,310330513
1669,310929555
1670,3110172798
1671,312062354
1672,312088477
1673,312135254
1674,312143400
1675,312147678
1676,312151225
1677,312155328
1678,312155859
1679,312157118
1680,312181108
1681,312183011
1682,312186886
1683,312194390
1684,312194404
1685,312199430
1686,312202059
1687,312203039
1688,312203853
1689,312241224
1690,312241356
1691,312243359
1692,312252811
1693,312263082
1694,312263104
1695,312263236
1696,312263996
1697,312265050
1698,312266057
1699,312267177
1700,312273223
1701,312274920
1702,312277105
1703,312278497
1704,312287445
1705,312288018
1706,312288271
1707,312289510
1708,312300336
1709,312300530
1710,312304463
1711,312306342
1712,312311338
1713,312312156
1714,312313675
1715,312315732
1716,312316135
1717,312319738
1718,312320191
1719,312321198
1720,312321201
1721,312323867
1722,312330863
1723,312333757
1724,312339011
1725,312342519
1726,312348649
1727,312349491
1728,312352182
1729,312352352
1730,312354606
1731,312354959
1732,312360118
1733,312361750
1734,312369344
1735,312420145
1736,312420927
1737,312422156
1738,312422245
1739,312422326
1740,312422733
1741,312423136
1742,312423209
1743,312423373
1744,312423675
1745,312424086
1746,312424124
1747,312424671
1748,312424914
1749,312425082
1750,312425864
1751,312426038
1752,312426119
1753,312426232
1754,312643063
1755,312852533
1756,312853025
1757,312861435
1758,312861877
1759,312862172
1760,312864744
1761,312865767
1762,312869592
1763,312872798
1764,312873115
1765,312874561
1766,312875576
1767,312876629
1768,312878265
1769,312878605
1770,312890184
1771,312890389
1772,312925743
1773,312929641
1774,312932782
1775,312932804
1776,312934300
1777,312934319
1778,312934432
1779,312935757
1780,312937695
1781,312937725
1782,312940025
1783,312940661
1784,312940688
1785,312941463
1786,312948964
1787,312953968
1788,312965680
1789,312965788
1790,312966970
1791,312970072
1792,312970749
1793,312971281
1794,312971397
1795,312975732
1796,312978332
1797,312980140
1798,312980167
1799,312980388
1800,312982011
1801,312982518
1802,312982860
1803,312983301
1804,312983867
1805,312985347
1806,312987013
1807,312989385
1808,312990685
1809,312990693
1810,312990715
1811,312994818
1812,312997116
1813,312997833
1814,313309337
1815,316000612
1816,316000957
1817,316010766
1818,316013269
1819,316013307
1820,316013315
1821,316017442
1822,316066141
1823,316154970
1824,316156116
1825,316159727
1826,316168815
1827,316172324
1828,316182745
1829,316281336
1830,316284955
1831,316294527
1832,316296198
1833,316341517
1834,316563560
1835,316578991
1836,316614564
1837,316693359
1838,316706000
1839,316735167
1840,316769487
1841,316831301
1842,316907928
1843,316910333
1844,316912123
1845,316919896
1846,316926345
1847,316926604
1848,316955124
1849,321209184
1850,321399536
1851,321427130
1852,321432878
1853,330281720
1854,330301748
1855,330304216
1856,330314912
1857,330316257
1858,330334611
1859,330334689
1860,330338811
1861,330340190
1862,330340328
1863,330345044
1864,330346512
1865,330347764
1866,330351699
1867,330353829
1868,330363689
1869,330371223
1870,330371231
1871,330375466
1872,330398040
1873,330412442
1874,330418882
1875,330419129
1876,330419153
1877,330419587
1878,330419641
1879,330444573
1880,330487108
1881,330487140
1882,330487159
1883,330487191
1884,330488155
1885,330490265
1886,330491199
1887,333666380
1888,334028965
1889,340425679
1890,340637870
1891,340689609
1892,340766182
1893,340769203
1894,340774770
1895,340796154
1896,340820462
1897,340828064
1898,340837950
1899,340838035
1900,340850620
1901,340878754
1902,345302354
1903,345305183
1904,345316509
1905,345323904
1906,345331052
1907,345339738
1908,345345061
1909,345346297
1910,345352440
1911,345368436
1912,345375211
1913,345396537
1914,345396553
1915,345396707
1916,345396936
1917,345397398
1918,345397606
1919,345397614
1920,345414004
1921,345417968
1922,345418263
1923,345418689
1924,345418778
1925,345419626
1926,345419634
1927,345420748
1928,345422406
1929,345423879
1930,345425928
1931,345428307
1932,345431103
1933,345432401
1934,345433742
1935,345434900
1936,345435257
1937,345435753
1938,345436911
1939,345437837
1940,345437977
1941,345439104
1942,345440145
1943,345440838
1944,345441036
1945,345441303
1946,345441699
1947,345441702
1948,345442121
1949,345442741
1950,345443284
1951,345443608
1952,345444884
1953,345445783
1954,345446100
1955,345446666
1956,345448146
1957,345448197
1958,345449002
1959,345449029
1960,345450396
1961,345450698
1962,345452518
1963,345453743
1964,345453867
1965,345455827
1966,345455916
1967,345457374
1968,345457692
1969,345457749
1970,345458567
1971,345461274
1972,345461304
1973,345461363
1974,345461584
1975,345461614
1976,345461673
1977,345463056
1978,345463099
1979,345463153
1980,345464974
1981,345465547
1982,345467329
1983,345468031
1984,345468392
1985,345472454
1986,345475739
1987,345476093
1988,345476514
1989,345476727
1990,345476883
1991,345476980
1992,345477367
1993,345477383
1994,345477529
1995,345477979
1996,345478231
1997,345478258
1998,345479173
1999,345479394
2000,345479459
2001,345479726
2002,345480058
2003,345481291
2004,345482409
2005,345483170
2006,345483197
2007,345483898
2008,345485254
2009,345486471
2010,345486587
2011,345487036
2012,345487427
2013,345487621
2014,345490096
2015,345490649
2016,345492862
2017,345494024
2018,345494768
2019,345495837
2020,345495845
2021,349100136
2022,349100470
2023,349105308
2024,349107866
2025,349110018
2026,349113009
2027,349113467
2028,349113483
2029,349113912
2030,349116644
2031,349117047
2032,373225733
2033,373246471
2034,373250215
2035,373250479
2036,373250711
2037,373274610
2038,373285248
2039,373285434
2040,373483376
2041,373510055
2042,373511620
2043,373632444
2044,373638167
2045,373638175
2046,373638523
2047,373760035
2048,373767617
2049,373771258
2050,373771371
2051,373772513
2052,373772521
2053,373792735
2054,373802137
2055,373802390
2056,373802420
2057,373835493
2058,373836082
2059,373836937
2060,373870280
2061,373895208
2062,374131945
2063,374146357
2064,374253846
2065,374271070
2066,374280398
2067,374292795
2068,374299196
2069,374422087
2070,374516006
2071,374517886
2072,374522596
2073,374522871
2074,374523932
2075,374524793
2076,374524920
2077,374525110
2078,374525803
2079,374525862
2080,374526966
2081,374527059
2082,374528535
2083,374528667
2084,374529264
2085,374529949
2086,374530254
2087,374530300
2088,374530319
2089,374530491
2090,374530718
2091,374626235
2092,375407936
2093,375408274
2094,375411720
2095,375415033
2096,375500723
2097,375507159
2098,375507906
2099,375509178
2100,375700129
2101,375700269
2102,375700811
2103,375701885
2104,375702970
2105,375703403
2106,375703845
2107,375703861
2108,375704051
2109,375704256
2110,375704434
2111,375705244
2112,375706364
2113,375706674
2114,375707212
2115,375708219
2116,375708227
2117,375711163
2118,375713344
2119,375714332
2120,375714499
2121,375714626
2122,375714634
2123,375714766
2124,375719016
2125,375724931
2126,375724958
2127,375725032
2128,375725970
2129,375726217
2130,375726713
2131,375726721
2132,375726799
2133,375727132
2134,375727272
2135,375727388
2136,375727582
2137,375752331
2138,375755195
2139,375755217
2140,375756604
2141,375757287
2142,375758232
2143,375758739
2144,375759344
2145,375759867
2146,375760393
2147,375760520
2148,375760849
2149,375760946
2150,375806709
2151,375812938
2152,375813756
2153,375823786
2154,375826882
2155,375826890
2156,375829636
2157,375835318
2158,375839569
2159,375844406
2160,375846735
2161,380016362
2162,380620006
2163,380710846
2164,380713802
2165,380713810
2166,380715430
2167,380720442
2168,380720868
2169,380725789
2170,380727501
2171,380730367
2172,380731150
2173,380731215
2174,380731223
2175,380731509
2176,380731959
2177,380732025
2178,380732548
2179,380755696
2180,380759497
2181,380759500
2182,380763397
2183,380777584
2184,380784912
2185,380789027
2186,380789833
2187,380792044
2188,380793474
2189,380803275
2190,380809060
2191,380813815
2192,380813866
2193,380815699
2194,380815931
2195,380817934
2196,380818205
2197,380818957
2198,385090021
2199,385092105
2200,385129912
2201,385236255
2202,385239548
2203,385265700
2204,385302312
2205,385313616
2206,385314698
2207,385315171
2208,385315287
2209,385316577
2210,385319274
2211,385321988
2212,385324138
2213,385325339
2214,385333137
2215,385333765
2216,385333781
2217,385333811
2218,385333870
2219,385333900
2220,385334230
2221,385334265
2222,385335547
2223,385335679
2224,385335970
2225,385335997
2226,385336101
2227,385336950
2228,385338058
2229,385339089
2230,385339097
2231,385339593
2232,385339607
2233,385339658
2234,385339666
2235,385339674
2236,385339690
2237,385339704
2238,385340397
2239,385415605
2240,385418493
2241,385418868
2242,385423756
2243,385468865
2244,385474016
2245,385481969
2246,385489498
2247,385491050
2248,385491085
2249,385492243
2250,385493622
2251,385494785
2252,385495226
2253,385495323
2254,385495544
2255,385496095
2256,385497091
2257,385497148
2258,385497393
2259,385503849
2260,385504217
2261,385604831
2262,385607016
2263,3856305580
2264,385720106
2265,385721056
2266,385721870
2267,385721919
2268,385722168
2269,385722435
2270,385729367
2271,385731051
2272,385731825
2273,385731841
2274,385732333
2275,385732538
2276,385732554
2277,385732562
2278,385732597
2279,385733208
2280,385733879
2281,3861878755
2282,387987207
2283,3895086908
2284,393011836
2285,393020398
2286,393040585
2287,393048853
2288,393050572
2289,393057240
2290,393057798
2291,393058263
2292,393058476
2293,393059162
2294,393059464
2295,393060918
2296,393061434
2297,393061639
2298,393064980
2299,393098214
2300,393308197
2301,393310329
2302,393311031
2303,393315088
2304,393315118
2305,393315630
2306,393316025
2307,393318796
2308,393320030
2309,393320928
2310,393321630
2311,393321800
2312,393321983
2313,393322106
2314,393322572
2315,393323528
2316,393324141
2317,393324354
2318,393324818
2319,393324869
2320,393327027
2321,393327345
2322,393327655
2323,393328627
2324,393329127
2325,393329291
2326,393329402
2327,393703274
2328,393703355
2329,393924289
2330,393924912
2331,393924955
2332,393925722
2333,393926117
2334,393927202
2335,393927695
2336,393959058
2337,393960579
2338,393963047
2339,393964523
2340,393974294
2341,393977536
2342,393977617
2343,393978192
2344,394448049
2345,394536495
2346,394700155
2347,394704371
2348,394733525
2349,394746236
2350,394751221
2351,394758277
2352,394758285
2353,394832205
2354,395291305
2355,395547032
2356,395606497
2357,395680921
2358,395706742
2359,395746566
2360,395809991
2361,395877431
2362,395957990
2363,399143068
2364,399147314
2365,399153594
2366,399153896
2367,399153934
2368,399154000
2369,399154191
2370,413735907
2371,413771164
2372,413771601
2373,413772780
2374,415050790
2375,415183731
2376,415247713
2377,415266718
2378,415278414
2379,415283043
2380,415285844
2381,415970237
2382,425099334
2383,425134350
2384,425143325
2385,425144372
2386,425146227
2387,425147517
2388,425147584
2389,425151042
2390,425152901
2391,425157709
2392,425159531
2393,425161293
2394,425161730
2395,425162443
2396,425164179
2397,425169693
2398,425174808
2399,425176932
2400,425178927
2401,425179613
2402,425180050
2403,425180964
2404,425181103
2405,425181111
2406,425181642
2407,425182673
2408,425182878
2409,425183033
2410,425185508
2411,425188221
2412,425189643
2413,425190374
2414,425190919
2415,425191192
2416,425192032
2417,425192792
2418,425193721
2419,425194523
2420,425195481
2421,425196739
2422,425196844
2423,425197395
2424,425197492
2425,425197549
2426,425198006
2427,425198324
2428,425198685
2429,425198804
2430,425199169
2431,425199320
2432,425199436
2433,425199932
2434,425200450
2435,425201546
2436,425201961
2437,425203573
2438,425203891
2439,425204197
2440,425204235
2441,425205592
2442,425206866
2443,425207757
2444,425207978
2445,425208915
2446,425209210
2447,425209423
2448,425210383
2449,425210766
2450,425211061
2451,425211894
2452,425212017
2453,425212130
2454,425212599
2455,425212785
2456,425213102
2457,425213382
2458,425213439
2459,425213617
2460,425213978
2461,425214249
2462,425214435
2463,425214761
2464,425215288
2465,425216020
2466,426203674
2467,434009059
2468,435233076
2469,435233394
2470,435909614
2471,439064864
2472,439176832
2473,439176875
2474,439178827
2475,439194040
2476,439227143
2477,439286069
2478,439294843
2479,439314550
2480,439341205
2481,439358078
2482,439374898
2483,439389844
2484,439411378
2485,439411874
2486,439420067
2487,439436567
2488,439440033
2489,439474299
2490,439485878
2491,439499062
2492,439507227
2493,439554896
2494,439554934
2495,439569729
2496,439651360
2497,439651379
2498,439651395
2499,439651409
2500,439651417
2501,439681367
2502,439682584
2503,439700884
2504,439746868
2505,439785960
2506,439791405
2507,439793955
2508,439798736
2509,439803632
2510,439827604
2511,439847796
2512,439856264
2513,439862698
2514,439872464
2515,439872472
2516,439884764
2517,439890284
2518,439896185
2519,439933412
2520,439944392
2521,439959047
2522,439968089
2523,439994128
2524,439994799
2525,440169127
2526,440187354
2527,440201047
2528,440208149
2529,440214920
2530,440215811
2531,440220459
2532,440221668
2533,440224047
2534,440227534
2535,440227704
2536,440228840
2537,440229081
2538,440229200
2539,440229316
2540,440229359
2541,440229405
2542,440234743
2543,440235162
2544,440236738
2545,440237165
2546,440237971
2547,440238153
2548,440238196
2549,440238609
2550,440241057
2551,440241359
2552,440241898
2553,440242940
2554,440243068
2555,440243254
2556,440322278
2557,440362059
2558,440402913
2559,440410258
2560,440414008
2561,440415241
2562,440415802
2563,440416779
2564,440416884
2565,440418410
2566,440419174
2567,440419484
2568,440419670
2569,440419808
2570,440420636
2571,440421705
2572,440495040
2573,440910811
2574,440936853
2575,441003729
2576,441004091
2577,441004997
2578,441005837
2579,441005969
2580,441009654
2581,441010288
2582,441012035
2583,441012116
2584,441012396
2585,441012523
2586,441012590
2587,441013309
2588,441013430
2589,441013678
2590,441014224
2591,441014437
2592,441014453
2593,441014836
2594,441014895
2595,441102670
2596,441248837
2597,441317480
2598,441444253
2599,441581056
2600,441623824
2601,441748600
2602,441864619
2603,443066019
2604,445405562
2605,446354732
2606,446359203
2607,446362662
2608,446363162
2609,446390577
2610,446500038
2611,446576980
2612,446578274
2613,446578428
2614,446578843
2615,446579629
2616,446579785
2617,446600342
2618,446600709
2619,446601853
2620,446602485
2621,446604232
2622,446604402
2623,446605468
2624,446605581
2625,446606812
2626,446607134
2627,446607207
2628,446608289
2629,446608475
2630,446608602
2631,446608890
2632,446609196
2633,446610178
2634,446611085
2635,446611913
2636,446612626
2637,446612766
2638,446614165
2639,446614831
2640,446616419
2641,446616834
2642,446617458
2643,446617792
2644,446670782
2645,446673781
2646,446676438
2647,446676500
2648,446677493
2649,446678457
2650,446679089
2651,446691402
2652,446691860
2653,446692514
2654,446694851
2655,446695602
2656,446696110
2657,446698229
2658,446698873
2659,446699071
2660,446699551
2661,448409577
2662,448416735
2663,448435365
2664,448437430
2665,448437694
2666,448442515
2667,448444828
2668,449001156
2669,449001172
2670,449001245
2671,449001962
2672,449002985
2673,449003884
2674,449004139
2675,449005577
2676,449006530
2677,449007383
2678,449149919
2679,449210502
2680,449218473
2681,449221393
2682,449227944
2683,449908402
2684,449911411
2685,449911837
2686,449911896
2687,449911942
2688,450040186
2689,451150651
2690,451155750
2691,451160312
2692,451160525
2693,451163087
2694,451166582
2695,451168615
2696,451170113
2697,451187261
2698,451188454
2699,451190750
2700,451192524
2701,451203267
2702,451205553
2703,451206525
2704,451207149
2705,451207351
2706,451207505
2707,451207521
2708,451207645
2709,451207793
2710,451208641
2711,451208706
2712,451209796
2713,451210557
2714,451210638
2715,451210859
2716,451210905
2717,451211472
2718,451213092
2719,451213238
2720,451216776
2721,451216954
2722,451217608
2723,451217764
2724,451218043
2725,451219244
2726,451219368
2727,451219449
2728,451219716
2729,451219953
2730,451221257
2731,451406281
2732,451408691
2733,451409221
2734,451409639
2735,451410548
2736,451411188
2737,451411617
2738,451412109
2739,451412117
2740,451412354
2741,451450647
2742,451452585
2743,451454243
2744,451456815
2745,451457595
2746,451461630
2747,451527402
2748,451527453
2749,451527887
2750,451527925
2751,451528018
2752,451528204
2753,451528301
2754,451528522
2755,451528557
2756,451528646
2757,451528824
2758,451529510
2759,451530047
2760,451530098
2761,451530152
2762,451530373
2763,451530381
2764,452156610
2765,452253802
2766,452260116
2767,452265819
2768,452268184
2769,452273080
2770,452274427
2771,452275008
2772,452276969
2773,452277248
2774,452281253
2775,452281326
2776,452282098
2777,452282195
2778,452282829
2779,452284236
2780,452284554
2781,452284988
2782,452285933
2783,452286034
2784,452286530
2785,452287065
2786,452288193
2787,465003125
2788,465007805
2789,465014879
2790,465014909
2791,465017746
2792,465024963
2793,465031269
2794,465037380
2795,465056741
2796,465069908
2797,465070590
2798,465081428
2799,465081436
2800,465081983
2801,465092756
2802,470008296
2803,470038322
2804,470043601
2805,470045299
2806,470861711
2807,471272426
2808,471292451
2809,471292516
2810,471409766
2811,471648795
2812,471678783
2813,471705225
2814,471714399
2815,471738840
2816,471743674
2817,471758183
2818,471773867
2819,471780936
2820,471782475
2821,472064843
2822,4766113381
2823,486212327
2824,486218430
2825,486249441
2826,486256073
2827,486256421
2828,486264734
2829,486270602
2830,486272664
2831,486274284
2832,486275507
2833,486276805
2834,486280233
2835,486281221
2836,486285154
2837,486287599
2838,486292428
2839,486296385
2840,486297160
2841,486297179
2842,486406547
2843,486406644
2844,486419258
2845,486420493
2846,486424626
2847,486426750
2848,486427595
2849,486431681
2850,486431843
2851,486432130
2852,486432548
2853,486434141
2854,486437558
2855,486437965
2856,486442179
2857,486442896
2858,486445631
2859,486447405
2860,486447782
2861,486451380
2862,495006858
2863,500050961
2864,500203474
2865,505521792
2866,505523248
2867,505524740
2868,505525151
2869,505525534
2870,515100536
2871,515122491
2872,515124796
2873,515125601
2874,515128554
2875,515133086
2876,515135968
2877,515136948
2878,515138150
2879,515139750
2880,515141402
2881,515141658
2882,515141674
2883,517082454
2884,517084791
2885,517091267
2886,517093391
2887,517101351
2888,517119129
2889,517146487
2890,517146541
2891,517147688
2892,517149257
2893,517174960
2894,517189607
2895,517201666
2896,517229277
2897,517543052
2898,517884542
2899,520024273
2900,520026268
2901,520072383
2902,520204956
2903,520206398
2904,520213688
2905,520215109
2906,520231511
2907,520234413
2908,520239326
2909,520242602
2910,520243269
2911,520244958
2912,520246330
2913,520251091
2914,521009375
2915,521286913
2916,521288843
2917,521290600
2918,521315794
2919,521348358
2920,521348889
2921,521398339
2922,521437733
2923,521437776
2924,521476763
2925,521479347
2926,521484006
2927,521532477
2928,521539811
2929,521618746
2930,521750849
2931,521805228
2932,521834341
2933,525461310
2934,525467777
2935,525469788
2936,525947264
2937,525948929
2938,525950125
2939,529123452
2940,534491820
2941,534613039
2942,552135399
2943,552146080
2944,552146730
2945,552146781
2946,552148083
2947,552148105
2948,552152161
2949,552152943
2950,552152951
2951,552153575
2952,552154288
2953,552548227
2954,552548634
2955,552554278
2956,552771236
2957,552771848
2958,552773085
2959,552992097
2960,552997773
2961,552998001
2962,552998486
2963,552998680
2964,552998761
2965,552998788
2966,552998818
2967,552998834
2968,552998877
2969,552999458
2970,552999954
2971,553103741
2972,553112449
2973,553156500
2974,553157167
2975,553157272
2976,553212168
2977,553213431
2978,553213555
2979,553213970
2980,553233505
2981,553248472
2982,553251791
2983,553267604
2984,553268945
2985,553270621
2986,553271091
2987,553271644
2988,553273868
2989,553273914
2990,553274910
2991,553275607
2992,553276727
2993,553280872
2994,553282808
2995,553284118
2996,553286390
2997,553289519
2998,553290851
2999,553292781
3000,553293427
3001,553295004
3002,553295411
3003,553297600
3004,553299492
3005,553299611
3006,553345842
3007,553346113
3008,553374591
3009,553375261
3010,553375938
3011,553377760
3012,553380168
3013,553380958
3014,553380966
3015,553381008
3016,553381342
3017,553381393
3018,553381415
3019,553381539
3020,553381547
3021,553381695
3022,553382047
3023,553382616
3024,553383434
3025,553383442
3026,553384287
3027,553409026
3028,553409689
3029,553485172
3030,553485210
3031,553493841
3032,553493973
3033,553560271
3034,553560689
3035,553561588
3036,553562606
3037,553562835
3038,553563505
3039,553563696
3040,553564935
3041,553567683
3042,553570684
3043,553571575
3044,553572490
3045,553572989
3046,553573306
3047,553574132
3048,553575651
3049,553575953
3050,553576003
3051,553576054
3052,553576062
3053,553576372
3054,553578685
3055,553578979
3056,553579754
3057,553580337
3058,553580515
3059,553580833
3060,553581856
3061,553581996
3062,553582909
3063,553582917
3064,553583158
3065,553583166
3066,553583174
3067,553583298
3068,553584480
3069,553584502
3070,553584537
3071,553585754
3072,553585800
3073,553586076
3074,553586610
3075,553587072
3076,553587080
3077,553587153
3078,553587242
3079,553588044
3080,553588117
3081,553588192
3082,553588257
3083,553588265
3084,553589474
3085,553763253
3086,553803522
3087,553803816
3088,553804790
3089,553813536
3090,553813951
3091,553815024
3092,553815393
3093,553816950
3094,553817078
3095,563522755
3096,567044718
3097,571090249
3098,571125298
3099,571164668
3100,571169201
3101,571191037
3102,571193781
3103,571197515
3104,571200613
3105,571201156
3106,571202802
3107,571203035
3108,571203159
3109,571205216
3110,571206921
3111,571207081
3112,571207561
3113,571207995
3114,571210910
3115,571212921
3116,571214266
3117,571215165
3118,571217354
3119,571219713
3120,571224385
3121,571225373
3122,571225551
3123,571226337
3124,575073357
3125,575073616
3126,575075597
3127,575075821
3128,575076267
3129,575402903
3130,582418178
3131,582418275
3132,582461464
3133,586066888
3134,586071393
3135,586210687
3136,586210695
3137,590032496
3138,590103873
3139,590255223
3140,590321145
3141,590419277
3142,590428888
3143,590488155
3144,590692089
3145,590764705
3146,590956167
3147,590975005
3148,593040597
3149,593043162
3150,595272096
3151,595321801
3152,596003064
3153,596006624
3154,596006799
3155,60000147
3156,60001534
3157,60004509
3158,60012382
3159,60013133
3160,600601161
3161,60084383
3162,60085444
3163,60088745
3164,60090375
3165,60093749
3166,60094931
3167,60099453
3168,60175648
3169,60177241
3170,60218053
3171,60245603
3172,60256575
3173,60256753
3174,60277408
3175,60278420
3176,60391537
3177,60502959
3178,60504080
3179,60506040
3180,60507403
3181,60509058
3182,60510854
3183,60510862
3184,60511060
3185,60511109
3186,60511117
3187,60511133
3188,60512806
3189,60515198
3190,60515228
3191,60516054
3192,60518650
3193,60519134
3194,60521228
3195,60521996
3196,60524936
3197,60527986
3198,60527994
3199,60529571
3200,60531045
3201,60535113
3202,60539097
3203,60541830
3204,60541881
3205,60543493
3206,60545844
3207,60546573
3208,60548282
3209,60554738
3210,60556501
3211,60556528
3212,60564784
3213,60566108
3214,60567236
3215,60572000
3216,60572965
3217,60572973
3218,60574216
3219,60575816
3220,60577045
3221,60578114
3222,60578122
3223,60582502
3224,60584025
3225,60584033
3226,60584750
3227,60586540
3228,60587032
3229,60589280
3230,60589469
3231,60590157
3232,60590270
3233,60593083
3234,60593245
3235,60593636
3236,60594527
3237,60595183
3238,60598808
3239,60598840
3240,60598859
3241,60598891
3242,60598964
3243,60598972
3244,60609176
3245,60609192
3246,606349154
3247,60652853
3248,60652896
3249,60652926
3250,60654856
3251,60727535
3252,60727632
3253,60730552
3254,60731303
3255,60732709
3256,60733357
3257,60734019
3258,60735422
3259,60735449
3260,60735457
3261,60736259
3262,60737042
3263,60745908
3264,60747226
3265,60747471
3266,60753102
3267,60753633
3268,60754001
3269,60758767
3270,60760257
3271,60760443
3272,60760826
3273,60761539
3274,60763728
3275,60765313
3276,60765453
3277,60765488
3278,60773758
3279,60775858
3280,60776099
3281,60777109
3282,60777338
3283,60778016
3284,60782137
3285,60786736
3286,60787031
3287,60788194
3288,60788380
3289,60790598
3290,60792175
3291,60792787
3292,60792809
3293,60793198
3294,60815523
3295,60815914
3296,60815922
3297,60816228
3298,60819227
3299,60823720
3300,60833173
3301,60833181
3302,60834005
3303,60837160
3304,60837330
3305,60837551
3306,60838590
3307,60839783
3308,60840889
3309,60841869
3310,60844094
3311,60845244
3312,60845309
3313,60846739
3314,60851988
3315,60852550
3316,60853980
3317,60854944
3318,60872799
3319,60872985
3320,60880120
3321,60882603
3322,60882867
3323,60884053
3324,60885378
3325,60885386
3326,60885424
3327,60885459
3328,60887966
3329,60889446
3330,60891564
3331,60894083
3332,60898658
3333,60899220
3334,60906820
3335,60915188
3336,60915439
3337,60916095
3338,60916516
3339,60916818
3340,60919884
3341,60921714
3342,60922559
3343,60924985
3344,60925752
3345,60927194
3346,60927518
3347,60927542
3348,60928417
3349,60929596
3350,60930136
3351,60930217
3352,60930314
3353,60930535
3354,60930861
3355,60931361
3356,60931809
3357,60932686
3358,60933526
3359,60934433
3360,60934549
3361,60935553
3362,60936193
3363,60936509
3364,60936649
3365,60936665
3366,60938102
3367,60954833
3368,60955422
3369,60956860
3370,60957263
3371,60957352
3372,60957603
3373,60958332
3374,60959037
3375,609610570
3376,60973331
3377,60974680
3378,60974990
3379,60975008
3380,60975091
3381,60975946
3382,60976098
3383,60976101
3384,60976721
3385,60977086
3386,60977493
3387,60987324
3388,60987464
3389,60987529
3390,60989157
3391,60997028
3392,61015628
3393,61020095
3394,61020575
3395,61020702
3396,61030651
3397,61052396
3398,61053562
3399,61054674
3400,61054682
3401,61054909
3402,61056006
3403,61059471
3404,61093998
3405,61094153
3406,61094226
3407,61094234
3408,61096857
3409,61120065
3410,61120073
3411,61120251
3412,61122092
3413,61122416
3414,61124265
3415,61127760
3416,61127914
3417,61129739
3418,61131520
3419,61131628
3420,61136905
3421,61137030
3422,61137367
3423,61137456
3424,61139378
3425,61139637
3426,61140503
3427,61140538
3428,61142026
3429,61144894
3430,61145394
3431,61150142
3432,61159174
3433,61177598
3434,61196673
3435,61196681
3436,61198757
3437,61205699
3438,61208493
3439,61238236
3440,613013379
3441,61312118
3442,6178731
3443,618002235
3444,618056734
3445,618056807
3446,618056815
3447,618056823
3448,618056831
3449,618057021
3450,618057072
3451,618074511
3452,618083553
3453,618111204
3454,618127364
3455,618131701
3456,618134301
3457,618134328
3458,618153977
3459,618181903
3460,618196250
3461,618251456
3462,618254110
3463,618257764
3464,618260226
3465,618260307
3466,618260587
3467,618339558
3468,618346252
3469,618380442
3470,618391002
3471,618391029
3472,618422536
3473,618439099
3474,618446710
3475,618446877
3476,618471162
3477,618477942
3478,618479031
3479,618485228
3480,618506918
3481,618510826
3482,618554599
3483,618574816
3484,618574956
3485,618586458
3486,618619070
3487,618640142
3488,618685502
3489,618710507
3490,618710531
3491,618711651
3492,62508865
3493,62511114
3494,62513346
3495,62700251
3496,6280897
3497,6280935
3498,631163026
3499,631169407
3500,631186271
3501,631231277
3502,634041126
3503,6380832
3504,64400964
3505,64400999
3506,64401685
3507,64402452
3508,64403874
3509,64404412
3510,64404897
3511,64405443
3512,64405451
3513,64405478
3514,64405710
3515,64405850
3516,64405958
3517,64407144
3518,64407314
3519,64408582
3520,64408671
3521,64408744
3522,64409902
3523,64410722
3524,64410935
3525,64420817
3526,64434877
3527,64434982
3528,64435261
3529,64440575
3530,64440958
3531,64441768
3532,64462048
3533,64471969
3534,64472779
3535,64473554
3536,6472613
3537,6482074
3538,6483011
3539,6483895
3540,6483909
3541,6496431
3542,6496873
3543,6498868
3544,6499163
3545,6499260
3546,6499627
3547,6511481
3548,6512674
3549,6513085
3550,6514642
3551,6514855
3552,6545866
3553,6551394
3554,6551815
3555,66236177
3556,66238501
3557,664226108
3558,664228917
3559,664241581
3560,66620104
3561,670034665
3562,670034800
3563,670037605
3564,670037788
3565,670038385
3566,670820555
3567,670886580
3568,670910619
3569,670913529
3570,670915416
3571,671000748
3572,671001957
3573,671004549
3574,671007637
3575,671014919
3576,671019090
3577,671021001
3578,671024183
3579,671024205
3580,671024817
3581,671025708
3582,671026011
3583,671027123
3584,671027638
3585,671035975
3586,671036351
3587,671039741
3588,671039946
3589,671040847
3590,671042858
3591,671047647
3592,671447548
3593,671519166
3594,671519182
3595,671519980
3596,671524097
3597,671553046
3598,671569023
3599,671631985
3600,671646192
3601,671662341
3602,671685635
3603,671704648
3604,671722077
3605,671727796
3606,671728202
3607,671731424
3608,671732471
3609,671732528
3610,671737767
3611,671741039
3612,671742515
3613,671743058
3614,671763792
3615,671792806
3616,671797867
3617,671867423
3618,671876996
3619,671877666
3620,671878840
3621,674002059
3622,674008200
3623,674022572
3624,674022874
3625,674023854
3626,674215184
3627,674268636
3628,674618769
3629,674644840
3630,674705599
3631,674802802
3632,674821068
3633,674961870
3634,674990331
3635,674990471
3636,674991842
3637,674991877
3638,674992024
3639,674992407
3640,674992555
3641,674994809
3642,676977111
3643,679420258
3644,679424784
3645,679431365
3646,679446087
3647,679600051
3648,679641041
3649,679643249
3650,679643257
3651,679643427
3652,679721037
3653,679721819
3654,679722319
3655,679722947
3656,679722955
3657,679723137
3658,679724699
3659,679726098
3660,679727221
3661,679730613
3662,679731180
3663,679731377
3664,679732268
3665,679732349
3666,679732543
3667,679733760
3668,679734481
3669,679734783
3670,679734996
3671,679735259
3672,679735771
3673,679735879
3674,679736859
3675,679737111
3676,679737316
3677,679742581
3678,679744479
3679,679749845
3680,679755489
3681,679755527
3682,679756760
3683,679759255
3684,679760237
3685,679761047
3686,679761055
3687,679761780
3688,679762701
3689,679763430
3690,679764178
3691,679765840
3692,679767096
3693,679767398
3694,679767479
3695,679767827
3696,679772677
3697,679776214
3698,679776311
3699,679776818
3700,679781498
3701,679783180
3702,679783393
3703,679783482
3704,679801111
3705,679832696
3706,679838864
3707,679847596
3708,679867120
3709,679890521
3710,684800705
3711,684801531
3712,684804425
3713,684804522
3714,684813211
3715,684813785
3716,684825104
3717,684826356
3718,684832402
3719,684837935
3720,684839741
3721,684841215
3722,684841258
3723,684842505
3724,684843129
3725,684843323
3726,684844079
3727,684845776
3728,684846942
3729,684848155
3730,684848236
3731,684849690
3732,684850273
3733,684852632
3734,684852705
3735,684853760
3736,684854465
3737,684854678
3738,684856476
3739,684865521
3740,684867427
3741,684867486
3742,684867850
3743,684868199
3744,684873206
3745,684873214
3746,687002826
3747,688003478
3748,688039693
3749,688052304
3750,688085873
3751,688090257
3752,688094554
3753,688095135
3754,688140718
3755,688143881
3756,688149898
3757,688151329
3758,688152023
3759,688153879
3760,688154727
3761,688166253
3762,688171621
3763,688172172
3764,688172245
3765,689707495
3766,689716044
3767,689822847
3768,689823827
3769,689833768
3770,689834195
3771,689840330
3772,689845367
3773,689846177
3774,689849125
3775,689851138
3776,689851901
3777,689852231
3778,689860072
3779,689861133
3780,689862466
3781,689868014
3782,689869037
3783,689869908
3784,689873190
3785,689878559
3786,689878583
3787,691017778
3788,691020167
3789,691024715
3790,691027498
3791,691037388
3792,691037795
3793,691050848
3794,691096104
3795,691102570
3796,691102961
3797,691119422
3798,691120528
3799,691122946
3800,701179791
3801,7105045
3802,7111509
3803,7113803
3804,7116268
3805,7117531
3806,7119356
3807,7120680
3808,7120699
3809,7120818
3810,7120869
3811,7120877
3812,7120966
3813,7120982
3814,7121008
3815,7121016
3816,7121024
3817,7121105
3818,712645624
3819,7126905
3820,7129653
3821,7130317
3822,71348271
3823,7135653
3824,7136587
3825,7136595
3826,7137338
3827,713998784
3828,713998946
3829,71401946
3830,71428488
3831,71433716
3832,71451382
3833,714530034
3834,7149123
3835,7149824
3836,7151241
3837,7151675
3838,7153589
3839,7154844
3840,7154887
3841,715629948
3842,715633996
3843,7158521
3844,7162995
3845,716799561
3846,7171994
3847,7173024
3848,7179812
3849,7179820
3850,718132386
3851,718144465
3852,718149297
3853,7189958
3854,719045789
3855,7190689
3856,719071151
3857,7191928
3858,719566223
3859,7195710
3860,7204442
3861,7204469
3862,721601944
3863,722533942
3864,727853414
3865,727861158
3866,727862421
3867,72920963
3868,735611319
3869,735617228
3870,736805990
3871,736903704
3872,736908161
3873,736909524
3874,736910190
3875,736910735
3876,736911685
3877,736913823
3878,738206369
3879,738519383
3880,738528528
3881,738539562
3882,738544922
3883,738706124
3884,739412531
3885,739423851
3886,739447343
3887,739461192
3888,739844326
3889,740720120
3890,740721941
3891,742529789
3892,743202414
3893,743202554
3894,743203046
3895,743203313
3896,743203585
3897,743203623
3898,743203968
3899,743211480
3900,743211995
3901,743219570
3902,743222059
3903,743222989
3904,743223136
3905,743223853
3906,743225082
3907,743226720
3908,743227190
3909,743227441
3910,743231538
3911,743233212
3912,743236149
3913,743243781
3914,743243803
3915,743244257
3916,743244583
3917,743249291
3918,743249305
3919,743250419
3920,743250443
3921,743250451
3922,743250974
3923,743252217
3924,743253973
3925,743255488
3926,743255909
3927,743260945
3928,743261984
3929,743262174
3930,743264738
3931,743264916
3932,743267745
3933,743269268
3934,743269519
3935,743270207
3936,743270754
3937,743270797
3938,743271327
3939,743272099
3940,743272498
3941,743272501
3942,743272536
3943,743272773
3944,743275039
3945,743281594
3946,743284283
3947,743284798
3948,743284887
3949,743286979
3950,743289412
3951,743292499
3952,743292545
3953,743296168
3954,743297261
3955,743297318
3956,743406567
3957,743410580
3958,743412621
3959,743417348
3960,743418131
3961,743418263
3962,743418719
3963,743418727
3964,743422007
3965,743426916
3966,743426924
3967,743428676
3968,743428951
3969,743435389
3970,743436504
3971,743437497
3972,743437810
3973,743440749
3974,743444043
3975,743449029
3976,743449657
3977,743449673
3978,743454146
3979,743454537
3980,743454553
3981,743456815
3982,743456866
3983,743457625
3984,743457919
3985,743458192
3986,743461517
3987,743463080
3988,743464796
3989,743466500
3990,743466527
3991,743468597
3992,743470125
3993,743470796
3994,743471229
3995,743471237
3996,743471326
3997,743474767
3998,743477367
3999,743477545
4000,743477553
4001,743477561
4002,743480694
4003,743480716
4004,743480724
4005,743482794
4006,743487141
4007,743487559
4008,743487567
4009,743487699
4010,743491599
4011,743491688
4012,743491696
4013,743495926
4014,743496140
4015,743496167
4016,743498712
4017,743499093
4018,743499263
4019,743499484
4020,744001404
4021,744004411
4022,744004446
4023,744005612
4024,744005833
4025,744006457
4026,744520053
4027,744578264
4028,745622089
4029,745628478
4030,745635326
4031,747252130
4032,747264864
4033,747266972
4034,747267197
4035,747267448
4036,747267456
4037,747267626
4038,747268460
4039,747268479
4040,747541604
4041,747544212
4042,747548315
4043,747553661
4044,747553866
4045,747563004
4046,747564175
4047,747566828
4048,747569118
4049,747569126
4050,747569134
4051,747572933
4052,747573646
4053,747574650
4054,747575479
4055,748702555
4056,749305797
4057,749307846
4058,749858524
4059,749858532
4060,749919442
4061,749934425
4062,750666005
4063,750937254
4064,751333328
4065,751503894
4066,751504335
4067,751504351
4068,751504386
4069,751504831
4070,751506451
4071,751506478
4072,751517208
4073,751527343
4074,751529818
4075,751531243
4076,751533114
4077,751533432
4078,751533459
4079,751535389
4080,752224417
4081,752834525
4082,752842692
4083,752848267
4084,752851314
4085,752851802
4086,752852612
4087,752853694
4088,752857932
4089,752858475
4090,752858629
4091,752858653
4092,752858939
4093,752861743
4094,753453215
4095,753459647
4096,753806797
4097,753809257
4098,753810743
4099,753811464
4100,753813955
4101,753814412
4102,753817985
4103,753819929
4104,753821869
4105,755301943
4106,755301978
4107,755304853
4108,755305302
4109,755311515
4110,755321383
4111,755323009
4112,755323017
4113,756400430
4114,756400619
4115,756401100
4116,756402212
4117,756402972
4118,756403146
4119,756403189
4120,756403251
4121,756403456
4122,756403588
4123,756614198
4124,756615518
4125,756620953
4126,756626366
4127,758206828
4128,758207743
4129,758215045
4130,760328242
4131,760768951
4132,761417109
4133,761417133
4134,761501665
4135,761512195
4136,761542914
4137,761545646
4138,761554912
4139,761929940
4140,762408286
4141,762419229
4142,762427329
4143,763619310
4144,763620874
4145,763621641
4146,763625892
4147,763626155
4148,763628107
4149,763628271
4150,763632163
4151,763632953
4152,764122789
4153,764134280
4154,764136313
4155,764222376
4156,764226460
4157,764525689
4158,764538136
4159,764544578
4160,764551531
4161,764553135
4162,764555898
4163,764584650
4164,764585681
4165,764585967
4166,764585975
4167,764586017
4168,764586025
4169,764586033
4170,764586068
4171,764586556
4172,764586629
4173,764586718
4174,764587242
4175,764587277
4176,764596861
4177,764937103
4178,765300354
4179,765304090
4180,765304740
4181,765308371
4182,765308703
4183,765309041
4184,765309963
4185,765310457
4186,765311801
4187,765311852
4188,765311860
4189,765312808
4190,765312921
4191,765313189
4192,765313197
4193,765316110
4194,765316641
4195,765316927
4196,765340216
4197,765340747
4198,765341131
4199,765341174
4200,765341298
4201,765341425
4202,765342510
4203,765342529
4204,765342537
4205,765343118
4206,765344300
4207,765344319
4208,765344327
4209,765344726
4210,765344971
4211,765345900
4212,765346524
4213,765347989
4214,765348217
4215,765350505
4216,765351544
4217,765352397
4218,765354950
4219,765356155
4220,765356171
4221,765357666
4222,766144739
4223,767901576
4224,767905105
4225,767905202
4226,767906284
4227,767906896
4228,767907817
4229,767908201
4230,767909267
4231,767910435
4232,767911792
4233,767912241
4234,767912276
4235,767914228
4236,767915062
4237,767915305
4238,767915747
4239,767916913
4240,767920090
4241,767920740
4242,767921968
4243,767922085
4244,767923065
4245,768423481
4246,770517129
4247,771008740
4248,771014171
4249,771065264
4250,778321584
4251,778323560
4252,778324311
4253,778324788
4254,781731836
4255,783502508
4256,785113444
4257,785114939
4258,785115315
4259,785123261
4260,785260056
4261,785263713
4262,785263780
4263,785265430
4264,785814531
4265,786011890
4266,786014202
4267,786015411
4268,786016051
4269,786016078
4270,786282258
4271,786282827
4272,786500735
4273,786647973
4274,786702273
4275,786707984
4276,786711647
4277,786712341
4278,786712945
4279,786714824
4280,786714956
4281,786715790
4282,786716231
4283,786719052
4284,786808063
4285,786808373
4286,786808381
4287,786808713
4288,786809191
4289,786809280
4290,786809299
4291,786809604
4292,786809965
4293,786811056
4294,786812915
4295,786813857
4296,786815930
4297,786816155
4298,786818727
4299,786819111
4300,786838949
4301,786849738
4302,786851155
4303,786852976
4304,786868694
4305,786881488
4306,786884401
4307,786885599
4308,786886323
4309,786890916
4310,786891076
4311,786918144
4312,786927003
4313,786928573
4314,786929200
4315,786931930
4316,786931965
4317,786937793
4318,786942703
4319,786943335
4320,787960756
4321,787967416
4322,787968331
4323,787976288
4324,787976385
4325,787982377
4326,789313502
4327,789458209
4328,791070484
4329,791081265
4330,792241738
4331,792253140
4332,800614283
4333,800637143
4334,800638182
4335,801435307
4336,801489784
4337,801870569
4338,802130364
4339,802131352
4340,802133118
4341,802133304
4342,802134106
4343,802134904
4344,802135226
4345,802135781
4346,802136680
4347,802137784
4348,802138292
4349,802139701
4350,802141242
4351,802141447
4352,802141684
4353,802141900
4354,802142710
4355,802142842
4356,802150454
4357,802151809
4358,802151825
4359,802431488
4360,802713521
4361,802715524
4362,802775934
4363,802789471
4364,802806414
4365,802831621
4366,803266553
4367,803283857
4368,803292457
4369,804104557
4370,804111642
4371,804114609
4372,804119430
4373,804717117
4374,804741719
4375,805059334
4376,805060162
4377,805063390
4378,805063412
4379,805063897
4380,805065377
4381,805069372
4382,805069852
4383,805069860
4384,805071067
4385,805072837
4386,805073663
4387,805073876
4388,805076239
4389,805077812
4390,805078428
4391,805078983
4392,805080511
4393,805080538
4394,805081453
4395,805210539
4396,805211160
4397,805242163
4398,805242252
4399,805359095
4400,805372768
4401,805390456
4402,805390472
4403,805390499
4404,805427317
4405,805427775
4406,805431578
4407,805832890
4408,806114568
4409,806115602
4410,806128941
4411,806132795
4412,806133635
4413,806520159
4414,806521686
4415,806523492
4416,806523700
4417,806523794
4418,806524278
4419,807014265
4420,807066818
4421,807071277
4422,807085731
4423,807615323
4424,807831093
4425,807842591
4426,809015455
4427,809015560
4428,809166585
4429,809230410
4430,809530953
4431,809556030
4432,809596814
4433,810111136
4434,810117495
4435,810935201
4436,810959119
4437,810959364
4438,810987902
4439,810992590
4440,811200078
4441,811201120
4442,811201325
4443,811204839
4444,811205460
4445,811209458
4446,811211738
4447,811216373
4448,811828034
4449,811833461
4450,811848833
4451,811855260
4452,812036042
4453,812216504
4454,812216717
4455,8122200850
4456,812505778
4457,812508645
4458,812511182
4459,812513754
4460,812521358
4461,812522834
4462,812524268
4463,812532619
4464,812532635
4465,812534832
4466,812538838
4467,812550285
4468,812551230
4469,812551478
4470,812552849
4471,812555104
4472,812555244
4473,812565959
4474,812574737
4475,812574745
4476,812574966
4477,812574990
4478,812575601
4479,812577566
4480,812590104
4481,812590465
4482,812590562
4483,812694538
4484,812694554
4485,812695453
4486,812696018
4487,812696069
4488,812696115
4489,812927311
4490,812930347
4491,812966007
4492,812967941
4493,812968379
4494,812968972
4495,812969634
4496,812969707
4497,812971345
4498,812971426
4499,812971450
4500,812971892
4501,812972589
4502,812973011
4503,812974921
4504,812975049
4505,812975219
4506,812975936
4507,812976142
4508,812976150
4509,812976568
4510,813025931
4511,813027055
4512,813191556
4513,813515246
4514,813520185
4515,813530652
4516,814317324
4517,814326110
4518,814727018
4519,815319665
4520,815411219
4521,815411839
4522,815412185
4523,816638632
4524,816639825
4525,816643008
4526,8171565646
4527,8172235224
4528,8173031010
4529,817992162X
4530,8185300534
4531,820320978
4532,821220802
4533,821221841
4534,821221876
4535,821746219
4536,821758268
4537,821775502
4538,821776053
4539,821778064
4540,822000237
4541,822000946
4542,822001837
4543,822002108
4544,822002426
4545,822002833
4546,822002965
4547,822004240
4548,822005336
4549,822007800
4550,822008939
4551,822011085
4552,822012197
4553,822012375
4554,822013541
4555,822205106
4556,822210347
4557,822215020
4558,822216310
4559,822218631
4560,822218739
4561,822309327
4562,822318644
4563,822331136
4564,822560569
4565,823006573
4566,823078949
4567,824512596
4568,824519868
4569,824521234
4570,824522524
4571,826406734
4572,826407072
4573,826411320
4574,826414532
4575,826414745
4576,826414753
4577,826415741
4578,826453279
4579,830819711
4580,830825703
4581,830832947
4582,835608301
4583,835608476
4584,836204387
4585,836217357
4586,836217691
4587,836218523
4588,838526950
4589,842331913
4590,842332294
4591,842332367
4592,842342702
4593,842356223
4594,842356290
4595,842360611
4596,842361936
4597,842383670
4598,842384111
4599,842386874
4600,842387447
4601,843121319
4602,843943998
4603,843944390
4604,843945192
4605,843946806
4606,843947462
4607,843947667
4608,843948108
4609,843949090
4610,843949740
4611,843951427
4612,843953241
4613,843954116
4614,843954523
4615,843955007
4616,843955821
4617,844667501
4618,849911885
4619,849918723
4620,849945119
4621,851512283
4622,851513344
4623,851708706
4624,859653722
4625,861661419
4626,861711769
4627,865165467
4628,865344922
4629,865471185
4630,865476063
4631,870610635
4632,870679945
4633,871136791
4634,871139472
4635,871139480
4636,871401657
4637,872200477
4638,872200566
4639,872201686
4640,872201775
4641,872201937
4642,872203948
4643,872204626
4644,872205541
4645,872206033
4646,872206785
4647,872207366
4648,872207803
4649,872207889
4650,872860191
4651,872864758
4652,873387805
4653,873512693
4654,873515129
4655,873527364
4656,874778719
4657,875168167
4658,875428320
4659,876851383
4660,876856830
4661,877887268
4662,879074493
4663,879102780
4664,879232153
4665,879237511
4666,879239484
4667,879697121
4668,880014407
4669,881927694
4670,883689448
4671,884196488
4672,886773520
4673,886774004
4674,886774268
4675,886774446
4676,886774632
4677,886775167
4678,886776066
4679,886776171
4680,886776503
4681,886776619
4682,886777208
4683,886777739
4684,886777992
4685,886778875
4686,887061990
4687,887309429
4688,887511120
4689,887847447
4690,891906797
4691,892817585
4692,895260476
4693,895260786
4694,895260905
4695,895873311
4696,895941414
4697,896087646
4698,896892026
4699,898599598
4700,898702623
4701,898704529
4702,898706831
4703,898709199
4704,898709792
4705,898868092
4706,899421695
4707,9027712050
4708,915145693
4709,915811235
4710,91883768
4711,91894603
4712,91895812
4713,91898242
4714,919123708
4715,922729484
4716,922915997
4717,930588797
4718,933121261
4719,933121296
4720,934380236
4721,936197447
4722,938045555
4723,938497154
4724,938497197
4725,939666502
4726,939682044
4727,940322781
4728,940450720
4729,940450739
4730,940450828
4731,946061157
4732,946487502
4733,960989862
4734,961392177
4735,961462094
4736,963188925
4737,964326191
4738,965429903
4739,966410076
4740,967469783
4741,969876742
4742,970312539
4743,970998716
4744,971316821
4745,971500746
4746,971500762
4747,972016414
4748,972018417
4749,972393617
4750,972851720
4751,974016713
4752,974514055
4753,974607894
4754,975323113
4755,976072610
4756,976249871
4757,976540606
4758,976631156
4759,976694026
4760,976882302
4761,977312798
4762,978970705
4763,978984803
4764,99134012
4765,99267543
4766,99271494
4767,99273845
4768,99273861
4769,99276496
4770,99282968
4771,99283220
4772,99284480
4773,99285568
4774,99285827
4775,99297701
4776,99339218
4777,99409968
4778,99410354
4779,99410389
4780,99421860
4781,99422344
4782,99422689
4783,99422697
4784,99427869
4785,99428164
4786,99428636
4787,99428644
4788,99429160
4789,99429799
4790,99432447
4791,99436744
4792,99437597
4793,99446723
4794,99448467
4795,99448475
4796,99448572
4797,99448750
4798,99448769
4799,99448920
4800,99449862
4801,99449897
4802,99453835
4803,99456451
4804,99458268
4805,99460173
4806,99461099
4807,99461269
4808,99462257
4809,99468190
4810,99468646
4811,99471434
4812,99472635
4813,99474123
4814,99474395
4815,99474425
4816,99474468
4817,99476355
4818,99477319
4819,99478390
4820,99478447
4821,99481243
4822,99481561
4823,99481685
4824,99489988
4825,99490684
4826,99498588
4827,99498596
4828,99498634
4829,99498669
4830,99556316
4831,99578514
4832,99582015
4833,99595818
4834,99730510
4835,99748614
4836,99766817
4837,99771810
4838,99801906
4839,99910101
4840,99911701
